,E,total_evaporation
1958-01-01,,0.13495208371070125
1958-02-01,,0.22446041447775705
1958-03-01,,0.39316592677947015
1958-04-01,,1.1107521057128906
1958-05-01,,2.3998019310735885
1958-06-01,,2.3230873107910157
1958-07-01,,2.5527501260080645
1958-08-01,,1.9576649819650958
1958-09-01,,1.2744763692220051
1958-10-01,,0.6486898852932838
1958-11-01,,0.2226879119873047
1958-12-01,,0.09398625743004584
1959-01-01,,0.1658080316358997
1959-02-01,,0.23931803022112166
1959-03-01,,0.4953301029820596
1959-04-01,,1.4614754994710286
1959-05-01,,2.0149959441154235
1959-06-01,,2.470101165771484
1959-07-01,,2.5193363312752015
1959-08-01,,2.002396737375567
1959-09-01,,1.0324788411458334
1959-10-01,,0.5257495757072203
1959-11-01,,0.14328242937723795
1959-12-01,,0.03959203150964553
1960-01-01,,0.10541501352863927
1960-02-01,,0.15263305861374427
1960-03-01,,0.3807787741384199
1960-04-01,,1.5042401631673177
1960-05-01,,2.3826429305538053
1960-06-01,,2.5860865275065104
1960-07-01,,2.5655040125693045
1960-08-01,,1.8929578719600555
1960-09-01,,1.1543165842692058
1960-10-01,,0.5224461709299395
1960-11-01,,0.12522923946380615
1960-12-01,,0.13336147800568612
1961-01-01,,0.06744922361066265
1961-02-01,,0.22984823158809117
1961-03-01,,0.5396611613612021
1961-04-01,,1.5221369425455729
1961-05-01,,2.0219493989021546
1961-06-01,,2.744273885091146
1961-07-01,,2.3533495010868197
1961-08-01,,1.858429447297127
1961-09-01,,1.1354684193929037
1961-10-01,,0.5571551169118574
1961-11-01,,0.12985939184824627
1961-12-01,,0.038433051878406156
1962-01-01,,0.13299971242104808
1962-02-01,,0.19330518586294992
1962-03-01,,0.3747638886974704
1962-04-01,,1.6372717539469401
1962-05-01,,2.2300132013136342
1962-06-01,,2.3861094156901044
1962-07-01,,2.2035170524351058
1962-08-01,,1.8395831200384325
1962-09-01,,1.173069381713867
1962-10-01,,0.5550422053183278
1962-11-01,,0.19470442136128743
1962-12-01,,0.08378593383296844
1963-01-01,,0.0664037581413023
1963-02-01,,0.17446742738996232
1963-03-01,,0.31341355846774194
1963-04-01,,1.1804285685221354
1963-05-01,,2.5674581220073085
1963-06-01,,2.392363993326823
1963-07-01,,2.4104220482610885
1963-08-01,,1.9355343234154485
1963-09-01,,1.2563172658284505
1963-10-01,,0.47622569914787044
1963-11-01,,0.18024943669637045
1963-12-01,,0.08715645728572723
1964-01-01,,0.1052087583849507
1964-02-01,,0.14644517569706358
1964-03-01,,0.25218476018598
1964-04-01,,1.3699303944905599
1964-05-01,,2.1302960303521927
1964-06-01,,2.6372149149576822
1964-07-01,,2.5089793051442792
1964-08-01,,1.881406722530242
1964-09-01,,1.249288558959961
1964-10-01,,0.5500590416692919
1964-11-01,,0.17211694717407228
1964-12-01,,0.10647764513569494
1965-01-01,,0.10869357662816201
1965-02-01,,0.17987254687717982
1965-03-01,,0.3838082898047663
1965-04-01,,1.2151732126871744
1965-05-01,,2.0434405419134323
1965-06-01,,2.425744120279948
1965-07-01,,2.3803674021074848
1965-08-01,,1.8963840853783391
1965-09-01,,1.4221448262532552
1965-10-01,,0.5035576974191973
1965-11-01,,0.107695206006368
1965-12-01,,0.12174943954713884
1966-01-01,,0.16133571440173733
1966-02-01,,0.12903648614883423
1966-03-01,,0.48471703067902594
1966-04-01,,1.5597269694010416
1966-05-01,,2.3812386297410533
1966-06-01,,2.514893086751302
1966-07-01,,2.6217565228862147
1966-08-01,,2.1543901505008822
1966-09-01,,1.2302457173665364
1966-10-01,,0.601045177828881
1966-11-01,,0.16561614672342936
1966-12-01,,0.09566811592348161
1967-01-01,,0.10454133249098255
1967-02-01,,0.15930054868970597
1967-03-01,,0.4226146205779045
1967-04-01,,1.4259456634521483
1967-05-01,,2.5768759942823842
1967-06-01,,2.5751134236653646
1967-07-01,,2.4938115765971522
1967-08-01,,1.9561584226546749
1967-09-01,,1.3508076985677084
1967-10-01,,0.6044314599806263
1967-11-01,,0.1710760275522868
1967-12-01,,0.07393157866693312
1968-01-01,,0.06567119013878607
1968-02-01,,0.19289889828912143
1968-03-01,,0.48239366469844697
1968-04-01,,1.6944623311360678
1968-05-01,,2.2556627335086947
1968-06-01,,2.5507542928059896
1968-07-01,,2.1409058109406502
1968-08-01,,2.136877736737651
1968-09-01,,1.2269541422526042
1968-10-01,,0.5213124675135459
1968-11-01,,0.14649608929951985
1968-12-01,,0.10952761865431263
1969-01-01,,0.12293654103432933
1969-02-01,,0.23870302949632918
1969-03-01,,0.4118341322868101
1969-04-01,,1.4471397399902344
1969-05-01,,2.2673066662203882
1969-06-01,,2.457508087158203
1969-07-01,,2.551780946793095
1969-08-01,,1.9815133617770286
1969-09-01,,1.2573261260986328
1969-10-01,,0.5880217398366621
1969-11-01,,0.25371928215026857
1969-12-01,,0.03634295540471231
1970-01-01,,0.11549954260549238
1970-02-01,,0.2109642539705549
1970-03-01,,0.45632325449297506
1970-04-01,,1.4593704223632813
1970-05-01,,2.3934503370715725
1970-06-01,,2.6351778666178385
1970-07-01,,2.610084287581905
1970-08-01,,1.9747249234107234
1970-09-01,,1.229299799601237
1970-10-01,,0.5335592454479586
1970-11-01,,0.240817658106486
1970-12-01,,0.11171597050082299
1971-01-01,,0.18419022713938066
1971-02-01,,0.23060110637119838
1971-03-01,,0.3440914769326487
1971-04-01,,1.5041372934977213
1971-05-01,,2.455560007402974
1971-06-01,,2.4911351521809895
1971-07-01,,2.5886919575352825
1971-08-01,,1.985105452998992
1971-09-01,,1.198214848836263
1971-10-01,,0.5718309340938446
1971-11-01,,0.20206332206726074
1971-12-01,,0.13507569220758253
1972-01-01,,0.10954261595203031
1972-02-01,,0.2415818839237608
1972-03-01,,0.5868650251819242
1972-04-01,,1.5318138122558593
1972-05-01,,2.179656490202873
1972-06-01,,2.473988087972005
1972-07-01,,2.7724498625724547
1972-08-01,,2.019887985721711
1972-09-01,,1.1447232564290364
1972-10-01,,0.526398197297127
1972-11-01,,0.21921122868855794
1972-12-01,,0.1444123637291693
1973-01-01,,0.1807798877839119
1973-02-01,,0.2178093535559518
1973-03-01,,0.48917185875677294
1973-04-01,,1.6014776865641276
1973-05-01,,2.169164842174899
1973-06-01,,2.698810831705729
1973-07-01,,2.6172588717552925
1973-08-01,,2.1739676690870717
1973-09-01,,1.1580872853597006
1973-10-01,,0.5718479156494141
1973-11-01,,0.18864976565043132
1973-12-01,,0.1083149294699392
1974-01-01,,0.12222998372970088
1974-02-01,,0.2597252641405378
1974-03-01,,0.6366358110981603
1974-04-01,,1.3681363423665365
1974-05-01,,1.9735536882954259
1974-06-01,,2.379926554361979
1974-07-01,,2.468146539503528
1974-08-01,,2.0961621192193802
1974-09-01,,1.2321544647216798
1974-10-01,,0.5795480051348286
1974-11-01,,0.22177376747131347
1974-12-01,,0.13741996211390342
1975-01-01,,0.16135375730453
1975-02-01,,0.27239562783922466
1975-03-01,,0.5266008069438319
1975-04-01,,1.6255940755208333
1975-05-01,,2.438235375189012
1975-06-01,,2.5735570271809896
1975-07-01,,2.2260624054939515
1975-08-01,,1.9458220697218371
1975-09-01,,1.1834561665852865
1975-10-01,,0.4858049884919197
1975-11-01,,0.1761555830637614
1975-12-01,,0.1364550744333575
1976-01-01,,0.1207141799311484
1976-02-01,,0.18624891083816003
1976-03-01,,0.35847263951455394
1976-04-01,,1.6146366119384765
1976-05-01,,2.1431631272838962
1976-06-01,,2.3179829915364585
1976-07-01,,2.2001763620684223
1976-08-01,,1.7767420122700353
1976-09-01,,1.2533297220865884
1976-10-01,,0.4472943275205551
1976-11-01,,0.17998924255371093
1976-12-01,,0.12356539695493636
1977-01-01,,0.11056422418163668
1977-02-01,,0.2200378520148141
1977-03-01,,0.47941823159494706
1977-04-01,,1.4434749603271484
1977-05-01,,2.3545310728011595
1977-06-01,,2.5939559936523438
1977-07-01,,2.5680509997952368
1977-08-01,,1.9669959775863155
1977-09-01,,1.2508352915445964
1977-10-01,,0.6105503574494393
1977-11-01,,0.22961559295654296
1977-12-01,,0.09683595165129631
1978-01-01,,0.12511044932949927
1978-02-01,,0.22300338745117188
1978-03-01,,0.4652683811803018
1978-04-01,,1.5525861104329428
1978-05-01,,2.129733177923387
1978-06-01,,2.495563252766927
1978-07-01,,2.462547548355595
1978-08-01,,1.9849641861454133
1978-09-01,,1.1548155466715495
1978-10-01,,0.5898031419323336
1978-11-01,,0.24755789438883463
1978-12-01,,0.07252646261645902
1979-01-01,,0.08927762123846239
1979-02-01,,0.23960214001791819
1979-03-01,,0.4340253337737053
1979-04-01,,1.3868478139241536
1979-05-01,,2.7582210417716735
1979-06-01,,2.8043673197428385
1979-07-01,,2.048867625574912
1979-08-01,,2.1090299544795865
1979-09-01,,1.2460962931315105
1979-10-01,,0.5612156160416142
1979-11-01,,0.17630141576131184
1979-12-01,,0.12132800779035015
1980-01-01,0.0208518351692567,0.11421140547721617
1980-02-01,0.08811473319750614,0.17569255828857422
1980-03-01,0.22599044109072416,0.4042782629689863
1980-04-01,1.3971655757105381,1.3333897908528647
1980-05-01,1.9965022193474395,1.9810772557412424
1980-06-01,2.6670703262952182,2.6355679829915366
1980-07-01,2.665948599383596,2.5423296036258822
1980-08-01,1.9009782792679772,1.8999667013845136
1980-09-01,1.1060121410376216,1.2098773956298827
1980-10-01,0.534630091902003,0.6344132577219317
1980-11-01,0.27488398314341406,0.1846010684967041
1980-12-01,0.1704275786558166,0.11384799403529014
1981-01-01,0.028564876767965132,0.14399799223869078
1981-02-01,0.06140560615121327,0.2571508543831961
1981-03-01,0.5864587795846744,0.4722572449714907
1981-04-01,1.3543558989005915,1.3088768005371094
1981-05-01,2.643532765334203,2.4393743699596775
1981-06-01,3.0947629708208084,2.7130531311035155
1981-07-01,2.7691185921547015,2.723386702998992
1981-08-01,1.876432770379452,1.8890754945816532
1981-09-01,1.1098259209835286,1.2988994598388672
1981-10-01,0.6347998745229255,0.5809617196359942
1981-11-01,0.3100526441181745,0.21430989901224773
1981-12-01,0.23261106125273653,0.1331636982579385
1982-01-01,0.01578475107962251,0.14430713653564453
1982-02-01,0.08469966612232824,0.20462565762656076
1982-03-01,0.5674524641979112,0.5204724342592301
1982-04-01,1.4856491234810913,1.3441541035970053
1982-05-01,2.3719068696531735,2.3275948801348285
1982-06-01,2.663720585801988,2.4769569396972657
1982-07-01,2.5863059602015843,2.5652778379378782
1982-08-01,2.241698552493743,2.1780028804655998
1982-09-01,1.2328680999642605,1.3629130045572917
1982-10-01,0.42185533830486827,0.5169077842466293
1982-11-01,0.13110164890578718,0.2439604123433431
1982-12-01,0.11419616480138471,0.1300288938706921
1983-01-01,0.011359813236755174,0.16997520385249967
1983-02-01,0.06291852131110656,0.23371653897421701
1983-03-01,0.636183108695308,0.5239652202975366
1983-04-01,1.6889835575926349,1.6809379577636718
1983-05-01,2.466197696309119,2.37939207015499
1983-06-01,2.5753331062290497,2.4962338765462238
1983-07-01,2.5102335981372255,2.3737539475963962
1983-08-01,2.0175104112144906,2.1711915539157007
1983-09-01,1.1429156930763174,1.419307327270508
1983-10-01,0.349804285684638,0.5685765051072643
1983-11-01,0.10887549728406404,0.2124075730641683
1983-12-01,0.028347486268205612,0.14392069847353042
1984-01-01,0.0015656772362450304,0.16907619660900486
1984-02-01,0.08189077334947235,0.25247361742216967
1984-03-01,0.5226161899570139,0.42153687630930253
1984-04-01,1.579039458205629,1.7756464640299479
1984-05-01,2.5388249722434675,2.328372586158014
1984-06-01,2.4237414359509293,2.253131357828776
1984-07-01,2.427174626878803,2.3244215442288305
1984-08-01,1.9376248743579263,1.9599150380780619
1984-09-01,1.144695695712969,1.2448713938395182
1984-10-01,0.41899324880192246,0.6129320821454448
1984-11-01,0.10436824718557863,0.16353610356648762
1984-12-01,0.04709040338680995,0.1109991611972932
1985-01-01,0.011289879718288093,0.0914579899080338
1985-02-01,0.017052909827923908,0.13922647067478724
1985-03-01,0.39445507633478033,0.37521934509277344
1985-04-01,1.5497868765318021,1.546341323852539
1985-05-01,2.5372779680332203,2.5205794303647933
1985-06-01,2.6178051592385225,2.4500081380208334
1985-07-01,2.5646038502076363,2.5705684538810485
1985-08-01,2.3371083657082097,2.4091688586819555
1985-09-01,1.1464140875141469,1.1481305440266927
1985-10-01,0.4118472705036805,0.5207576751708984
1985-11-01,0.17104480831669516,0.15909612973531087
1985-12-01,0.0881830044803787,0.08904755500055128
1986-01-01,-0.002562510740938986,0.1361594046315839
1986-02-01,0.0475951900249853,0.2282489538192749
1986-03-01,0.6267187139696786,0.49682875602476056
1986-04-01,1.7025134539994333,1.7270242055257161
1986-05-01,2.4278037360977356,2.4971114127866683
1986-06-01,2.754010215909956,2.4446637471516928
1986-07-01,2.5909787770319124,2.4025699246314263
1986-08-01,2.065856452662265,2.057810260403541
1986-09-01,0.940800114276117,1.131476847330729
1986-10-01,0.34145274675086407,0.5870301031297253
1986-11-01,0.11930686850688026,0.18836112022399903
1986-12-01,0.016397657584012588,0.1269847193071919
1987-01-01,0.01059135152596584,0.0982843445193383
1987-02-01,0.07389414179535374,0.18673082760402135
1987-03-01,0.1882857933822164,0.3476679094376103
1987-04-01,1.1922805493038517,1.3426770528157552
1987-05-01,2.2295325532603814,2.337398898216986
1987-06-01,2.766288331626123,2.6067326863606772
1987-07-01,2.776401086023362,2.4814460508285032
1987-08-01,1.8466530609749094,1.8237164405084425
1987-09-01,1.1101175278305175,1.2091665903727213
1987-10-01,0.30965769025231055,0.6920738220214844
1987-11-01,0.20955740823251182,0.1743380069732666
1987-12-01,0.07531699889704198,0.12749266624450684
1988-01-01,0.04448669224968513,0.07025030351454212
1988-02-01,0.1719316163574824,0.20159545438043003
1988-03-01,0.5054394390316203,0.42865113289125506
1988-04-01,1.5228906188836955,1.5838603973388672
1988-05-01,2.4002131992093,2.4122823899792087
1988-06-01,2.5766431629623368,2.423638916015625
1988-07-01,2.988938076607696,2.8907822639711442
1988-08-01,2.0508598292626723,2.03558349609375
1988-09-01,1.1037065963259411,1.2871355692545572
1988-10-01,0.37306237100392914,0.6618137974892894
1988-11-01,0.10958284223703633,0.20477649370829265
1988-12-01,0.012998627994060553,0.1130329639680924
1989-01-01,0.04434536018236405,0.16329705330633348
1989-02-01,0.20673607166740218,0.3140430109841483
1989-03-01,0.8581373187718248,0.6120145243983115
1989-04-01,1.7284456769611631,1.6245070139567057
1989-05-01,2.4313836565143707,2.3099402150800152
1989-06-01,2.854150564807028,2.4788831075032554
1989-07-01,2.5879600388229225,2.5272379229145665
1989-08-01,2.034236083375603,1.9268817286337576
1989-09-01,1.168650314958748,1.292657470703125
1989-10-01,0.4737453979668017,0.5996004535305884
1989-11-01,0.13185970410572573,0.1731218655904134
1989-12-01,0.024191498370543633,0.11978306308869392
1990-01-01,0.1033283202528489,0.14767831371676537
1990-02-01,0.25496522565647667,0.3311065605708531
1990-03-01,0.8594045324179698,0.7931634841426727
1990-04-01,1.5661306474418535,1.5904299418131511
1990-05-01,2.3439817264992007,2.2461464174332155
1990-06-01,2.600332590297404,2.4701738993326825
1990-07-01,2.4484556159972377,2.3211864348380797
1990-08-01,2.025935326332505,1.9758655178931452
1990-09-01,1.096944201370246,1.0877485911051432
1990-10-01,0.43720662136078525,0.6233470670638546
1990-11-01,0.2622849750516843,0.17562014261881512
1990-12-01,0.09859543494047562,0.13359715861658897
1991-01-01,0.0385220081148794,0.12827631735032605
1991-02-01,0.10611774475639921,0.26192969935280935
1991-03-01,0.586517741795795,0.45531226742652153
1991-04-01,1.4540594842297807,1.4620188395182292
1991-05-01,2.084249584391615,1.9588269879741054
1991-06-01,2.9565805260225217,2.7290082295735676
1991-07-01,2.8804524751353684,2.6893893826392388
1991-08-01,2.097762810326019,2.031724376063193
1991-09-01,1.243588499034124,1.3203927357991536
1991-10-01,0.5489543307313557,0.5302619934082031
1991-11-01,0.19294317888692147,0.15960575739542643
1991-12-01,0.05167697506605774,0.1144048475450085
1992-01-01,0.06313825832908665,0.16458271395775578
1992-02-01,0.18672348401250594,0.2229893289763352
1992-03-01,0.7583799453529303,0.5222883532124181
1992-04-01,1.4707405633042268,1.447092056274414
1992-05-01,2.2272680553321043,2.2865760557113157
1992-06-01,2.971739089429688,2.6772135416666667
1992-07-01,2.7998900909738986,2.6716685141286542
1992-08-01,2.0718036743989297,1.9702705875519784
1992-09-01,0.9487278334128819,1.0754941304524739
1992-10-01,0.5102638967624253,0.4846072350778887
1992-11-01,0.2724496808893908,0.15150980949401854
1992-12-01,0.04961853665567946,0.1064755916595459
1993-01-01,0.10539174692983168,0.13103269761608494
1993-02-01,0.15356498879088806,0.30718936238970074
1993-03-01,0.6258381685071416,0.5465461977066532
1993-04-01,1.4993915514189067,1.4323932647705078
1993-05-01,2.53641202672027,2.456236808530746
1993-06-01,2.6381025604654487,2.2844228108723956
1993-07-01,2.5048013699498477,2.3300672961819555
1993-08-01,1.9976868055547132,2.020391771870275
1993-09-01,1.1081683897602506,1.0946624755859375
1993-10-01,0.45874129887159687,0.5943698267782888
1993-11-01,0.043853229690684864,0.2649845282236735
1993-12-01,0.1697128935807098,0.10834298595305412
1994-01-01,0.1340857198813545,0.12439530126510127
1994-02-01,0.1313245455836191,0.18402293750217982
1994-03-01,0.5690433265776548,0.46870403905068675
1994-04-01,1.6159437896466826,1.6188343048095704
1994-05-01,2.186611821087214,2.0181591895318802
1994-06-01,2.656589341755769,2.521460469563802
1994-07-01,2.8017791220237402,2.5037174840127268
1994-08-01,2.030642835338024,1.883058363391507
1994-09-01,1.2891168422610895,1.3678059895833334
1994-10-01,0.437960419966783,0.5570975272886215
1994-11-01,0.17816831558380747,0.1917234261830648
1994-12-01,0.1134317309428735,0.10333261182231288
1995-01-01,0.059879237893465026,0.11734984767052435
1995-02-01,0.2890239089174151,0.292182241167341
1995-03-01,0.7383032382478736,0.5743958257859753
1995-04-01,1.5727479042738866,1.4214370727539063
1995-05-01,2.335953175661272,2.3615483930034022
1995-06-01,3.0023522839323973,2.7875511169433596
1995-07-01,2.853405556968662,2.6583539901241178
1995-08-01,2.1159690268743043,1.9889087061728201
1995-09-01,1.2148691417700077,1.2403525034586589
1995-10-01,0.39905207788033165,0.6777129634734123
1995-11-01,0.15414310449245386,0.15581590334574383
1995-12-01,0.036662149780406224,0.1126569317233178
1996-01-01,0.013042509626480786,0.12178693279143303
1996-02-01,0.06059559315750582,0.17423412717621903
1996-03-01,0.2861828093823647,0.4110932811614006
1996-04-01,1.6036951134078359,1.651880645751953
1996-05-01,2.628117879444114,2.6092861544701362
1996-06-01,2.7331628707644056,2.486008707682292
1996-07-01,2.5520698560115096,2.298486525012601
1996-08-01,1.9575125126795285,1.924740945139239
1996-09-01,0.9694027673855843,1.0741739908854167
1996-10-01,0.46096093426184725,0.6208259213355279
1996-11-01,0.19259539291155958,0.2087901751200358
1996-12-01,0.07251733287904587,0.06663925417007939
1997-01-01,-0.0018592322509389345,0.1192541891528714
1997-02-01,0.1741654383234918,0.2521640232631138
1997-03-01,0.6363537516707081,0.5476124055923954
1997-04-01,1.4498483713063934,1.4370279947916667
1997-05-01,2.4642889380458346,2.4217708956810737
1997-06-01,2.9188589180404514,2.5823956807454427
1997-07-01,2.793223350648037,2.453270204605595
1997-08-01,2.2289424733130816,2.2144027217741935
1997-09-01,1.2031256266322172,1.2761006673177084
1997-10-01,0.5208588649212325,0.5220240316083354
1997-11-01,0.21800945464938928,0.18464754422505697
1997-12-01,0.11356675221167595,0.07627878650542229
1998-01-01,0.054194398930159274,0.13820437462099136
1998-02-01,0.2281190715536678,0.29617929458618164
1998-03-01,0.5770167970029688,0.4912241966493668
1998-04-01,1.674734980048614,1.595650863647461
1998-05-01,2.34229748503691,2.248713831747732
1998-06-01,3.047735017822516,2.668274180094401
1998-07-01,2.816465067660463,2.5824474211662047
1998-08-01,1.9656546412074727,2.0484272126228578
1998-09-01,1.140527652283641,1.36953493754069
1998-10-01,0.4707387598922856,0.5808504166141633
1998-11-01,0.18545977434695946,0.13759552637736003
1998-12-01,-0.026450536454053156,0.10866342821428852
1999-01-01,0.04866849631101152,0.11267052158232659
1999-02-01,0.11168358609678068,0.2319627148764474
1999-03-01,0.6796324984218882,0.5808181147421559
1999-04-01,1.757318957574932,1.7921165466308593
1999-05-01,2.2731336152249844,2.1495998751732612
1999-06-01,3.2957916722687726,2.8973904927571614
1999-07-01,2.9242042205867684,2.675237840221774
1999-08-01,1.973310959765033,1.9483839465725807
1999-09-01,1.1410202899107205,1.3495494842529296
1999-10-01,0.4846210248522258,0.5423460314350743
1999-11-01,0.14341705869202212,0.15880289077758789
1999-12-01,0.046839743746150256,0.16215828926332534
2000-01-01,-0.01778357982611984,0.10874375989360194
2000-02-01,0.11048454738970762,0.2685385736925849
2000-03-01,0.593349227307772,0.5014800410116872
2000-04-01,1.8893530140702872,1.7530471801757812
2000-05-01,2.4772052892947096,2.3711653678647933
2000-06-01,2.916395586513782,2.537666829427083
2000-07-01,2.7305868365363706,2.3165369341450353
2000-08-01,2.2421980691942305,2.1179937547253025
2000-09-01,1.1371212219258633,1.2072719573974608
2000-10-01,0.42514240651888635,0.7063424510340537
2000-11-01,0.18216816054942617,0.15661168098449707
2000-12-01,0.21552454001008067,0.10846687132312406
2001-01-01,0.1341102565461035,0.13627953683176347
2001-02-01,0.16021948181932116,0.20322505065373012
2001-03-01,0.7009959666807378,0.553923822218372
2001-04-01,1.740318555208385,1.6503985087076822
2001-05-01,2.4479651633038397,2.355280230122228
2001-06-01,2.7171525926240037,2.347584533691406
2001-07-01,3.551453598870295,3.0670001122259323
2001-08-01,2.243157977018643,1.9884698929325226
2001-09-01,1.1978809897187799,1.295983378092448
2001-10-01,0.4784951244291934,0.5654573132914882
2001-11-01,0.2230538912818788,0.23042964935302734
2001-12-01,-0.0175371131746552,0.0949720028908022
2002-01-01,0.019963241341114695,0.1082999167903777
2002-02-01,0.3296250224110627,0.34173498834882465
2002-03-01,0.8459829536445373,0.7685353063767956
2002-04-01,1.7263767521465339,1.6360577901204427
2002-05-01,2.5348384245458373,2.300969769877772
2002-06-01,2.825366279719163,2.6112129211425783
2002-07-01,3.1157205295263024,2.691221667874244
2002-08-01,2.154880229063737,1.9015000866305443
2002-09-01,1.1071902036808192,1.0928450266520182
2002-10-01,0.5865845349982773,0.5383906825896232
2002-11-01,0.17005409301626484,0.1884893258412679
2002-12-01,0.03310927549115536,0.11131658092621834
2003-01-01,0.05365287745530099,0.09274511183461835
2003-02-01,0.06715085156907362,0.16964832374027797
2003-03-01,0.4730340320625727,0.4696256268408991
2003-04-01,1.5215994369179184,1.5354166666666667
2003-05-01,2.8187186164353784,2.718478295110887
2003-06-01,2.637963403092811,2.2530034383138022
2003-07-01,2.9367754075134394,2.5466916484217488
2003-08-01,2.248861009473147,2.0783875988375757
2003-09-01,1.1380448491979132,1.3119664510091147
2003-10-01,0.567040142986593,0.4935042473577684
2003-11-01,0.1847482528594024,0.16078092257181803
2003-12-01,0.06741080380990538,0.1405458757954259
2004-01-01,0.0815128600955583,0.10006492368636592
2004-02-01,0.14766552105804112,0.1935689695950212
2004-03-01,0.6709330094942767,0.5162901109264743
2004-04-01,1.6625238816347296,1.7208361307779947
2004-05-01,2.2143069123569634,2.171633812689012
2004-06-01,2.694941146834458,2.4858629862467447
2004-07-01,3.0679488842440965,2.5880390290291078
2004-08-01,2.5248020595771843,2.2527958039314515
2004-09-01,1.3519342487530814,1.3434317270914713
2004-10-01,0.49622944715884154,0.5789734625047253
2004-11-01,0.2112045796352612,0.1802499771118164
2004-12-01,0.12248535098388963,0.14142973192276492
2005-01-01,0.15205738742268823,0.14806764356551633
2005-02-01,0.16812948755538354,0.16942855290004186
2005-03-01,0.3907583821872464,0.4504358230098601
2005-04-01,1.716390862071837,1.6977087656656902
2005-05-01,2.604238758922515,2.390876031691028
2005-06-01,2.6096405008534935,2.515020751953125
2005-07-01,3.0325624259977366,2.6925152194115425
2005-08-01,2.3256339052795387,2.2257217899445565
2005-09-01,1.1086807031151134,1.2502099355061849
2005-10-01,0.47004210826029746,0.5750313420449534
2005-11-01,0.23462119996806632,0.1997062047322591
2005-12-01,0.19632839635375346,0.11208049712642547
2006-01-01,0.022974410277822863,0.07543172374848396
2006-02-01,0.09410672078283198,0.12312394380569458
2006-03-01,0.38652308209360325,0.4035465794224893
2006-04-01,1.659763947388774,1.6381646474202474
2006-05-01,2.3772838050824934,2.3565686133600052
2006-06-01,3.0842202264002543,2.826581573486328
2006-07-01,2.9862781109234073,2.6833040791173137
2006-08-01,2.291686096367438,1.9778404235839844
2006-09-01,1.2843174795730785,1.4763641357421875
2006-10-01,0.48939478005847376,0.5362031382899131
2006-11-01,0.2294606174023819,0.17434695561726887
2006-12-01,0.07397116149258484,0.1458914049210087
2007-01-01,0.2629848453766002,0.17710922610375188
2007-02-01,0.2290393667131924,0.18809310027531215
2007-03-01,0.8985387003712858,0.772950695407006
2007-04-01,1.5478196477902046,1.6267996470133463
2007-05-01,2.76267254641395,2.4153420232957408
2007-06-01,2.9446501318850866,2.537665303548177
2007-07-01,2.7540507906344516,2.4809688445060485
2007-08-01,2.1999986563521365,2.159295851184476
2007-09-01,1.1944939414727878,1.2664938608805338
2007-10-01,0.5108456057762661,0.5878757969025643
2007-11-01,0.2479839604483357,0.18191731770833333
2007-12-01,0.0870660883692947,0.11604398296725366
2008-01-01,0.11413099739663901,0.12611510676722373
2008-02-01,0.26264998945949114,0.2736902730218295
2008-03-01,0.9436207706788428,0.5995971925797001
2008-04-01,1.6861522143966634,1.6493840535481772
2008-05-01,2.411827352508788,2.2417895409368698
2008-06-01,2.9958243915753178,2.702501169840495
2008-07-01,2.9570874906631435,2.6386140392672632
2008-08-01,2.2934120070617108,2.062993695659022
2008-09-01,1.1451545088397224,1.124096425374349
2008-10-01,0.49830984683660284,0.6269135628977129
2008-11-01,0.19922119555513537,0.21666855812072755
2008-12-01,0.16286231924672204,0.09853714512240502
2009-01-01,0.11274572204398527,0.09021542918297552
2009-02-01,0.2607861983282656,0.17213400772639684
2009-03-01,0.68140258581123,0.45756598441831525
2009-04-01,1.779956148431616,2.005718739827474
2009-05-01,2.4012608127682014,2.2435475011025705
2009-06-01,3.069030588490193,2.746559651692708
2009-07-01,2.918413418935091,2.6110441146358365
2009-08-01,1.9532521045507407,1.8469456088158391
2009-09-01,1.160159741831764,1.2356597900390625
2009-10-01,0.6099847177248324,0.5478286127890309
2009-11-01,0.2750175124742065,0.17985785802205403
2009-12-01,0.23463977621354118,0.07524644174883442
2010-01-01,0.08470907007414705,0.07846723833391743
2010-02-01,0.10364236874513255,0.17115885870797293
2010-03-01,0.5434184799364216,0.5014719193981539
2010-04-01,1.6417863966482493,1.74840087890625
2010-05-01,2.587090686858465,2.3868120255008822
2010-06-01,3.271763078105285,2.9351206461588544
2010-07-01,3.4134046466109846,2.9314548123267388
2010-08-01,2.2550807682358003,2.1020936043031755
2010-09-01,1.1639521469836034,1.252160135904948
2010-10-01,0.4067050376757833,0.5899647743471207
2010-11-01,0.2849674973892321,0.24539788564046225
2010-12-01,0.13288824391224774,0.09885078860867408
2011-01-01,0.04591485910275511,0.11467995951252599
2011-02-01,0.1082773833404765,0.21317308289664133
2011-03-01,0.5654954232396504,0.6080344415480091
2011-04-01,1.726285068702378,1.8103727976481119
2011-05-01,2.5974656920142007,2.4846951884608113
2011-06-01,3.0639579495069205,2.6742927551269533
2011-07-01,3.217469379974055,3.0167713780556955
2011-08-01,2.177152204270913,2.1849800848191783
2011-09-01,1.178757402204616,1.2098173777262369
2011-10-01,0.4365134740267279,0.5287520500921434
2011-11-01,0.09214251363716333,0.22452584902445474
2011-12-01,0.1840511139481818,0.1525029674653084
2012-01-01,0.20704271214393152,0.10271328495394799
2012-02-01,0.0964614420983481,0.13482287834430562
2012-03-01,0.6293408479534465,0.5551018253449471
2012-04-01,1.9009241418247294,1.7919751485188802
2012-05-01,2.59781344975178,2.6509633218088458
2012-06-01,2.9307366651440985,2.687214660644531
2012-07-01,3.058605433819363,2.6390156899729083
2012-08-01,2.1544777876529078,1.8712711949502268
2012-09-01,1.2492354009151292,1.4546708424886068
2012-10-01,0.5836453244917661,0.5866219305223034
2012-11-01,0.2068763616188956,0.22040796279907227
2012-12-01,0.19629582960096525,0.11035276228381742
2013-01-01,0.03853586008397912,0.10080129100430396
2013-02-01,0.126304617913212,0.26034222330365864
2013-03-01,0.3237634203510197,0.44230941034132437
2013-04-01,1.6161050433241424,1.8135247548421225
2013-05-01,2.820608649204513,2.4785601708196823
2013-06-01,3.17576133602287,3.008261871337891
2013-07-01,2.7619923955354126,2.7841051163211947
2013-08-01,1.9669004217059856,1.9450399337276336
2013-09-01,1.1180571628389857,1.5575111389160157
2013-10-01,0.42948887401180896,0.741990735453944
2013-11-01,0.258965861327546,0.2572680314381917
2013-12-01,0.06105543632848115,0.17422997566961473
2014-01-01,0.17492094775882122,0.08444341536491148
2014-02-01,0.268448265138681,0.21262787069593156
2014-03-01,0.9342560250339533,0.7031449348695816
2014-04-01,1.7049966848984943,1.7673442840576172
2014-05-01,2.7559525526154385,2.2921474825951362
2014-06-01,2.879054653033563,2.936633555094401
2014-07-01,3.0764318805003734,2.6953708279517388
2014-08-01,2.2915766796506527,1.9179133753622732
2014-09-01,1.163952756785968,1.370974604288737
2014-10-01,0.4283247563842552,0.8069187287361391
2014-11-01,0.09913498029593235,0.1892329692840576
2014-12-01,0.20068007223816997,0.11367420227296891
2015-01-01,0.14023216533381516,0.14465587369857297
2015-02-01,0.24158676933388382,0.2521132060459682
2015-03-01,0.8410720126958711,0.6312065124511719
2015-04-01,1.7790516417847373,1.8353702545166015
2015-05-01,2.4818737850563886,2.2418535294071322
2015-06-01,2.937944928876789,2.6047350565592446
2015-07-01,3.134561552754177,2.454803959015877
2015-08-01,2.201918059341326,1.46200438468687
2015-09-01,1.2606263082049627,1.2748241424560547
2015-10-01,0.3719567605121971,0.5614208713654549
2015-11-01,0.31370905551777184,0.21004635492960613
2015-12-01,0.07361017025346507,0.1705749419427687
2016-01-01,0.023986459243433268,
2016-02-01,0.3494170982748125,
2016-03-01,0.7571292687606032,
2016-04-01,1.8820377188019568,
2016-05-01,2.617710107428513,
2016-06-01,3.2115061924909916,
2016-07-01,3.143115163154219,
2016-08-01,2.3406195945807826,
2016-09-01,1.0519838495695253,
2016-10-01,0.5685967540203727,
2016-11-01,0.1995864769803422,
2016-12-01,0.05708075551299992,
2017-01-01,0.007412449837158105,
2017-02-01,0.1452066529536709,
2017-03-01,0.9256716281205714,
2017-04-01,1.7130623503666522,
2017-05-01,2.502246571751732,
2017-06-01,2.8506797057381243,
2017-07-01,2.754921909597988,
2017-08-01,2.2436787645824063,
2017-09-01,1.1881900166156558,
2017-10-01,0.5507250185822273,
2017-11-01,0.21219741474421844,
2017-12-01,0.14667674943997186,
2018-01-01,0.044666611515101595,
2018-02-01,0.10974337769246088,
2018-03-01,0.37683315406786666,
2018-04-01,1.976487017360437,
2018-05-01,2.8327544796546578,
2018-06-01,3.0150664803083242,
2018-07-01,2.967297283654594,
2018-08-01,2.477315332862795,
2018-09-01,1.3442381626108433,
2018-10-01,0.5126895116716592,
2018-11-01,0.08977720886819268,
2018-12-01,0.051724336543792326,
